{"lr": 0.0005698454636535357, "mean_grp_acc_tr": 100.0, "worst_grp_acc_tr": 100.0, "worst3_grp_acc_tr": 100.0, "minor_grp_acc_tr": 100.0, "major_grp_acc_tr": 100.0, "relative_grp_acc_tr": 1.0, "mean_grp_acc_va": 83.23863636363636, "worst_grp_acc_va": 54.54545454545454, "worst3_grp_acc_va": 77.65151515151514, "minor_grp_acc_va": 71.02272727272727, "major_grp_acc_va": 95.45454545454545, "relative_grp_acc_va": 0.744047619047619, "mean_grp_acc_te": 98.95833333333334, "worst_grp_acc_te": 95.83333333333334, "worst3_grp_acc_te": 98.61111111111113, "minor_grp_acc_te": 97.91666666666667, "major_grp_acc_te": 100.0, "relative_grp_acc_te": 0.9791666666666667, "_runtime": 11, "_timestamp": 1724246750, "_step": 9, "best_mean_group_acc_va": 0.8323863636363636, "best_mean_group_acc_te": 0.9895833333333334, "best_acc_va": 0.8518518518518519, "best_acc_te": 0.9878048780487805, "best_worst_acc_va": 0.5454545454545454, "best_worst_acc_te": 0.9583333333333334, "best_worst3_acc_va": 0.7765151515151515, "best_worst3_acc_te": 0.9861111111111112, "_wandb": {"runtime": 12}}