{"lr": 0.002646657222892803, "mean_grp_acc_tr": 100.0, "worst_grp_acc_tr": 100.0, "worst3_grp_acc_tr": 100.0, "worst5_grp_acc_tr": 100.0, "minor_grp_acc_tr": 100.0, "major_grp_acc_tr": 100.0, "relative_grp_acc_tr": 1.0, "mean_grp_acc_va": 45.3125, "worst_grp_acc_va": 8.333333333333332, "worst3_grp_acc_va": 16.666666666666668, "worst5_grp_acc_va": 20.833333333333336, "minor_grp_acc_va": 44.791666666666664, "major_grp_acc_va": 46.87499999999999, "relative_grp_acc_va": 0.9555555555555556, "mean_grp_acc_te": 46.354166666666664, "worst_grp_acc_te": 22.22222222222222, "worst3_grp_acc_te": 24.074074074074076, "worst5_grp_acc_te": 25.0, "minor_grp_acc_te": 46.296296296296305, "major_grp_acc_te": 46.52777777777777, "relative_grp_acc_te": 0.9950248756218909, "_runtime": 7, "_timestamp": 1720714853, "_step": 4, "best_mean_group_acc_va": 0.45312499999999994, "best_mean_group_acc_te": 0.4635416666666667, "best_acc_va": 0.453125, "best_acc_te": 0.4635416666666667, "best_worst_acc_va": 0.08333333333333333, "best_worst_acc_te": 0.2222222222222222, "best_worst3_acc_va": 0.16666666666666666, "best_worst3_acc_te": 0.24074074074074073, "best_worst5_grp_acc_va": 0.20833333333333334, "best_worst5_grp_acc_te": 0.25, "_wandb": {"runtime": 9}}