{"lr": 0.0026466572228928, "mean_grp_acc_tr": 100.0, "worst_grp_acc_tr": 100.0, "worst3_grp_acc_tr": 100.0, "minor_grp_acc_tr": 100.0, "major_grp_acc_tr": 100.0, "relative_grp_acc_tr": 1.0, "mean_grp_acc_va": 96.875, "worst_grp_acc_va": 87.5, "worst3_grp_acc_va": 95.83333333333333, "minor_grp_acc_va": 93.75, "major_grp_acc_va": 100.0, "relative_grp_acc_va": 0.9375, "mean_grp_acc_te": 98.95833333333334, "worst_grp_acc_te": 95.83333333333334, "worst3_grp_acc_te": 98.61111111111113, "minor_grp_acc_te": 97.91666666666667, "major_grp_acc_te": 100.0, "relative_grp_acc_te": 0.9791666666666667, "_runtime": 71, "_timestamp": 1724246827, "_step": 9, "best_mean_group_acc_va": 0.96875, "best_mean_group_acc_te": 0.9895833333333334, "best_acc_va": 0.9629629629629629, "best_acc_te": 0.9878048780487805, "best_worst_acc_va": 0.9090909090909091, "best_worst_acc_te": 1.0, "best_worst3_acc_va": 0.9583333333333334, "best_worst3_acc_te": 0.9861111111111112, "_wandb": {"runtime": 71}}