{"lr": 0.0004974556006241091, "mean_grp_acc_tr": 100.0, "worst_grp_acc_tr": 100.0, "worst3_grp_acc_tr": 100.0, "minor_grp_acc_tr": 100.0, "major_grp_acc_tr": 100.0, "relative_grp_acc_tr": 1.0, "mean_grp_acc_va": 80.9659090909091, "worst_grp_acc_va": 45.45454545454545, "worst3_grp_acc_va": 74.62121212121211, "minor_grp_acc_va": 66.47727272727272, "major_grp_acc_va": 95.45454545454545, "relative_grp_acc_va": 0.6964285714285714, "mean_grp_acc_te": 97.48774509803921, "worst_grp_acc_te": 94.11764705882352, "worst3_grp_acc_te": 96.65032679738562, "minor_grp_acc_te": 94.97549019607843, "major_grp_acc_te": 100.0, "relative_grp_acc_te": 0.9497549019607843, "_runtime": 11, "_timestamp": 1724246710, "_step": 9, "best_mean_group_acc_va": 0.8096590909090909, "best_mean_group_acc_te": 0.9748774509803921, "best_acc_va": 0.8333333333333334, "best_acc_te": 0.975609756097561, "best_worst_acc_va": 0.45454545454545453, "best_worst_acc_te": 0.9411764705882353, "best_worst3_acc_va": 0.7462121212121212, "best_worst3_acc_te": 0.9665032679738562, "_wandb": {"runtime": 12}}