{"lr": 0.0022825343088702303, "mean_grp_acc_tr": 100.0, "worst_grp_acc_tr": 100.0, "minor_grp_acc_tr": 100.0, "major_grp_acc_tr": 100.0, "relative_grp_acc_tr": 1.0, "mean_grp_acc_va": 62.5, "worst_grp_acc_va": 25.0, "minor_grp_acc_va": 52.08333333333333, "major_grp_acc_va": 72.91666666666667, "relative_grp_acc_va": 0.7142857142857142, "mean_grp_acc_te": 56.94444444444444, "worst_grp_acc_te": 30.555555555555557, "minor_grp_acc_te": 50.0, "major_grp_acc_te": 63.888888888888886, "relative_grp_acc_te": 0.782608695652174, "_runtime": 10, "_timestamp": 1714743229, "_step": 4, "best_mean_group_acc_va": 0.6979166666666666, "best_mean_group_acc_te": 0.6527777777777778, "best_acc_va": 0.6979166666666666, "best_acc_te": 0.6527777777777778, "_wandb": {"runtime": 11}}