{"lr": 0.002646657222892803, "mean_grp_acc_tr": 100.0, "worst_grp_acc_tr": 100.0, "worst3_grp_acc_tr": 100.0, "worst5_grp_acc_tr": 100.0, "minor_grp_acc_tr": 100.0, "major_grp_acc_tr": 100.0, "relative_grp_acc_tr": 1.0, "mean_grp_acc_va": 49.73958333333333, "worst_grp_acc_va": 16.666666666666664, "worst3_grp_acc_va": 18.055555555555554, "worst5_grp_acc_va": 25.0, "minor_grp_acc_va": 50.694444444444436, "major_grp_acc_va": 46.87500000000001, "relative_grp_acc_va": 1.081481481481481, "mean_grp_acc_te": 50.52083333333333, "worst_grp_acc_te": 13.88888888888889, "worst3_grp_acc_te": 20.37037037037037, "worst5_grp_acc_te": 27.77777777777778, "minor_grp_acc_te": 48.14814814814815, "major_grp_acc_te": 57.638888888888886, "relative_grp_acc_te": 0.8353413654618476, "_runtime": 14, "_timestamp": 1720714719, "_step": 4, "best_mean_group_acc_va": 0.49739583333333337, "best_mean_group_acc_te": 0.5052083333333333, "best_acc_va": 0.4973958333333333, "best_acc_te": 0.5052083333333334, "best_worst_acc_va": 0.16666666666666666, "best_worst_acc_te": 0.1388888888888889, "best_worst3_acc_va": 0.18055555555555555, "best_worst3_acc_te": 0.20370370370370372, "best_worst5_grp_acc_va": 0.25, "best_worst5_grp_acc_te": 0.2777777777777778, "_wandb": {"runtime": 15}}