{"lr": 0.0004974556006241091, "mean_grp_acc_tr": 100.0, "worst_grp_acc_tr": 100.0, "worst3_grp_acc_tr": 100.0, "worst5_grp_acc_tr": 100.0, "minor_grp_acc_tr": 100.0, "major_grp_acc_tr": 100.0, "relative_grp_acc_tr": 1.0, "mean_grp_acc_va": 70.65577651515152, "worst_grp_acc_va": 6.25, "worst3_grp_acc_va": 14.393939393939396, "worst5_grp_acc_va": 29.545454545454543, "minor_grp_acc_va": 62.5, "major_grp_acc_va": 95.12310606060606, "relative_grp_acc_va": 0.6570433051269288, "mean_grp_acc_te": 67.6756259936407, "worst_grp_acc_te": 0.0, "worst3_grp_acc_te": 9.722222222222221, "worst5_grp_acc_te": 16.372549019607842, "minor_grp_acc_te": 59.12714184773008, "major_grp_acc_te": 93.32107843137254, "relative_grp_acc_te": 0.6335882829645141, "_runtime": 20, "_timestamp": 1724254038, "_step": 16, "best_mean_group_acc_va": 0.7065577651515151, "best_mean_group_acc_te": 0.676756259936407, "best_acc_va": 0.7298387096774194, "best_acc_te": 0.7131578947368421, "best_worst_acc_va": 0.125, "best_worst_acc_te": 0.0, "best_worst3_acc_va": 0.25946969696969696, "best_worst3_acc_te": 0.15604575163398693, "best_worst5_grp_acc_va": 0.35568181818181815, "best_worst5_grp_acc_te": 0.2593137254901961, "_wandb": {"runtime": 21}}