{"lr": 0.002646657222892803, "mean_grp_acc_tr": 25.568181818181817, "worst_grp_acc_tr": 0.0, "worst3_grp_acc_tr": 0.0, "worst5_grp_acc_tr": 0.0, "minor_grp_acc_tr": 25.0, "major_grp_acc_tr": 27.272727272727273, "relative_grp_acc_tr": 0.9166666666666666, "mean_grp_acc_va": 26.526988636363637, "worst_grp_acc_va": 0.0, "worst3_grp_acc_va": 0.0, "worst5_grp_acc_va": 0.0, "minor_grp_acc_va": 27.035984848484848, "major_grp_acc_va": 25.0, "relative_grp_acc_va": 1.0814393939393938, "mean_grp_acc_te": 27.16365262321145, "worst_grp_acc_te": 0.0, "worst3_grp_acc_te": 0.0, "worst5_grp_acc_te": 0.0, "minor_grp_acc_te": 26.414281928987815, "major_grp_acc_te": 29.411764705882355, "relative_grp_acc_te": 0.8980855855855857, "_runtime": 13, "_timestamp": 1724247332, "_step": 16, "best_mean_group_acc_va": 0.26526988636363635, "best_mean_group_acc_te": 0.27163652623211443, "best_acc_va": 0.27419354838709675, "best_acc_te": 0.27631578947368424, "best_worst_acc_va": 0.0, "best_worst_acc_te": 0.0, "best_worst3_acc_va": 0.0, "best_worst3_acc_te": 0.0, "best_worst5_grp_acc_va": 0.0, "best_worst5_grp_acc_te": 0.0, "_wandb": {"runtime": 14}}