{"lr": 0.0005698454636535357, "mean_grp_acc_tr": 100.0, "worst_grp_acc_tr": 100.0, "worst3_grp_acc_tr": 100.0, "minor_grp_acc_tr": 100.0, "major_grp_acc_tr": 100.0, "relative_grp_acc_tr": 1.0, "mean_grp_acc_va": 86.36363636363636, "worst_grp_acc_va": 54.54545454545454, "worst3_grp_acc_va": 81.81818181818181, "minor_grp_acc_va": 77.27272727272727, "major_grp_acc_va": 95.45454545454545, "relative_grp_acc_va": 0.8095238095238094, "mean_grp_acc_te": 97.48774509803921, "worst_grp_acc_te": 94.11764705882352, "worst3_grp_acc_te": 96.65032679738562, "minor_grp_acc_te": 94.97549019607843, "major_grp_acc_te": 100.0, "relative_grp_acc_te": 0.9497549019607843, "_runtime": 10, "_timestamp": 1724245871, "_step": 9, "best_mean_group_acc_va": 0.8636363636363636, "best_mean_group_acc_te": 0.9748774509803921, "best_acc_va": 0.8888888888888888, "best_acc_te": 0.975609756097561, "best_worst_acc_va": 0.5454545454545454, "best_worst_acc_te": 0.9411764705882353, "best_worst3_acc_va": 0.8181818181818182, "best_worst3_acc_te": 0.9665032679738562, "_wandb": {"runtime": 12}}