{"lr": 0.002646657222892803, "mean_grp_acc_tr": 100.0, "worst_grp_acc_tr": 100.0, "worst3_grp_acc_tr": 100.0, "minor_grp_acc_tr": 100.0, "major_grp_acc_tr": 100.0, "relative_grp_acc_tr": 1.0, "mean_grp_acc_va": 93.18181818181819, "worst_grp_acc_va": 72.72727272727273, "worst3_grp_acc_va": 90.90909090909092, "minor_grp_acc_va": 86.36363636363637, "major_grp_acc_va": 100.0, "relative_grp_acc_va": 0.8636363636363638, "mean_grp_acc_te": 100.0, "worst_grp_acc_te": 100.0, "worst3_grp_acc_te": 100.0, "minor_grp_acc_te": 100.0, "major_grp_acc_te": 100.0, "relative_grp_acc_te": 1.0, "_runtime": 9, "_timestamp": 1724245851, "_step": 9, "best_mean_group_acc_va": 0.9772727272727273, "best_mean_group_acc_te": 0.9748774509803921, "best_acc_va": 0.9814814814814815, "best_acc_te": 0.975609756097561, "best_worst_acc_va": 0.9090909090909091, "best_worst_acc_te": 0.875, "best_worst3_acc_va": 0.9696969696969697, "best_worst3_acc_te": 0.9665032679738562, "_wandb": {"runtime": 11}}