{"lr": 0.0008379642915115781, "mean_grp_acc_tr": 91.66666666666666, "worst_grp_acc_tr": 66.66666666666666, "minor_grp_acc_tr": 100.0, "major_grp_acc_tr": 83.33333333333333, "relative_grp_acc_tr": 1.2000000000000002, "mean_grp_acc_va": 65.625, "worst_grp_acc_va": 45.83333333333333, "minor_grp_acc_va": 60.416666666666664, "major_grp_acc_va": 70.83333333333333, "relative_grp_acc_va": 0.8529411764705883, "mean_grp_acc_te": 60.41666666666667, "worst_grp_acc_te": 38.88888888888889, "minor_grp_acc_te": 52.77777777777777, "major_grp_acc_te": 68.05555555555556, "relative_grp_acc_te": 0.7755102040816325, "_runtime": 9, "_timestamp": 1714743248, "_step": 4, "best_mean_group_acc_va": 0.6666666666666666, "best_mean_group_acc_te": 0.6111111111111112, "best_acc_va": 0.6666666666666666, "best_acc_te": 0.6111111111111112, "_wandb": {"runtime": 11}}