{"lr": 0.002646657222892803, "mean_grp_acc_tr": 100.0, "worst_grp_acc_tr": 100.0, "worst3_grp_acc_tr": 100.0, "worst5_grp_acc_tr": 100.0, "minor_grp_acc_tr": 100.0, "major_grp_acc_tr": 100.0, "relative_grp_acc_tr": 1.0, "mean_grp_acc_va": 72.36032196969697, "worst_grp_acc_va": 12.5, "worst3_grp_acc_va": 22.537878787878793, "worst5_grp_acc_va": 31.704545454545457, "minor_grp_acc_va": 65.46717171717172, "major_grp_acc_va": 93.03977272727272, "relative_grp_acc_va": 0.7036471586089907, "mean_grp_acc_te": 69.8661897191309, "worst_grp_acc_te": 11.76470588235294, "worst3_grp_acc_te": 15.931372549019608, "worst5_grp_acc_te": 21.225490196078432, "minor_grp_acc_te": 61.1492006712595, "major_grp_acc_te": 96.01715686274511, "relative_grp_acc_te": 0.6368570229450893, "_runtime": 23, "_timestamp": 1724254073, "_step": 16, "best_mean_group_acc_va": 0.7401751893939394, "best_mean_group_acc_te": 0.723163420773715, "best_acc_va": 0.7459677419354839, "best_acc_te": 0.7473684210526316, "best_worst_acc_va": 0.3125, "best_worst_acc_te": 0.16666666666666666, "best_worst3_acc_va": 0.40151515151515155, "best_worst3_acc_te": 0.2173202614379085, "best_worst5_grp_acc_va": 0.48068181818181815, "best_worst5_grp_acc_te": 0.3029411764705882, "_wandb": {"runtime": 22}}