{"lr": 0.0026466572228928, "mean_grp_acc_tr": 100.0, "worst_grp_acc_tr": 100.0, "minor_grp_acc_tr": 100.0, "major_grp_acc_tr": 100.0, "relative_grp_acc_tr": 1.0, "mean_grp_acc_va": 54.166666666666664, "worst_grp_acc_va": 16.666666666666664, "minor_grp_acc_va": 64.58333333333333, "major_grp_acc_va": 43.75, "relative_grp_acc_va": 1.476190476190476, "mean_grp_acc_te": 52.77777777777777, "worst_grp_acc_te": 19.444444444444446, "minor_grp_acc_te": 59.722222222222214, "major_grp_acc_te": 45.83333333333333, "relative_grp_acc_te": 1.303030303030303, "_runtime": 27, "_timestamp": 1714743318, "_step": 4, "best_mean_group_acc_va": 0.5416666666666667, "best_mean_group_acc_te": 0.5138888888888888, "best_acc_va": 0.5416666666666666, "best_acc_te": 0.5277777777777778, "_wandb": {"runtime": 27}}