{"lr": 0.0026466572228928, "mean_grp_acc_tr": 100.0, "worst_grp_acc_tr": 100.0, "worst3_grp_acc_tr": 100.0, "worst5_grp_acc_tr": 100.0, "minor_grp_acc_tr": 100.0, "major_grp_acc_tr": 100.0, "relative_grp_acc_tr": 1.0, "mean_grp_acc_va": 77.67518939393939, "worst_grp_acc_va": 25.0, "worst3_grp_acc_va": 35.984848484848484, "worst5_grp_acc_va": 42.49999999999999, "minor_grp_acc_va": 72.03282828282828, "major_grp_acc_va": 94.60227272727272, "relative_grp_acc_va": 0.7614280947614281, "mean_grp_acc_te": 75.39662824589296, "worst_grp_acc_te": 8.333333333333332, "worst3_grp_acc_te": 21.732026143790847, "worst5_grp_acc_te": 32.647058823529406, "minor_grp_acc_te": 70.05498145204028, "major_grp_acc_te": 91.42156862745098, "relative_grp_acc_te": 0.76628505180784, "_runtime": 117, "_timestamp": 1724254238, "_step": 16, "best_mean_group_acc_va": 0.794152462121212, "best_mean_group_acc_te": 0.7881185413354531, "best_acc_va": 0.8064516129032258, "best_acc_te": 0.8236842105263158, "best_worst_acc_va": 0.3125, "best_worst_acc_te": 0.2916666666666667, "best_worst3_acc_va": 0.47348484848484845, "best_worst3_acc_te": 0.35375816993464054, "best_worst5_grp_acc_va": 0.5420454545454545, "best_worst5_grp_acc_te": 0.47009803921568627, "_wandb": {"runtime": 117}}