{"lr": 0.002646657222892803, "mean_grp_acc_tr": 100.0, "worst_grp_acc_tr": 100.0, "minor_grp_acc_tr": 100.0, "major_grp_acc_tr": 100.0, "relative_grp_acc_tr": 1.0, "mean_grp_acc_va": 61.458333333333336, "worst_grp_acc_va": 25.0, "minor_grp_acc_va": 50.0, "major_grp_acc_va": 72.91666666666667, "relative_grp_acc_va": 0.6857142857142857, "mean_grp_acc_te": 59.72222222222222, "worst_grp_acc_te": 36.11111111111111, "minor_grp_acc_te": 52.77777777777777, "major_grp_acc_te": 66.66666666666667, "relative_grp_acc_te": 0.7916666666666665, "_runtime": 11, "_timestamp": 1714743210, "_step": 4, "best_mean_group_acc_va": 0.7083333333333333, "best_mean_group_acc_te": 0.6458333333333333, "best_acc_va": 0.7083333333333334, "best_acc_te": 0.6458333333333334, "_wandb": {"runtime": 12}}