{"lr": 0.0004974556006241091, "mean_grp_acc_tr": 100.0, "worst_grp_acc_tr": 100.0, "worst3_grp_acc_tr": 100.0, "minor_grp_acc_tr": 100.0, "major_grp_acc_tr": 100.0, "relative_grp_acc_tr": 1.0, "mean_grp_acc_va": 84.0909090909091, "worst_grp_acc_va": 45.45454545454545, "worst3_grp_acc_va": 78.7878787878788, "minor_grp_acc_va": 72.72727272727272, "major_grp_acc_va": 95.45454545454545, "relative_grp_acc_va": 0.7619047619047619, "mean_grp_acc_te": 94.54656862745098, "worst_grp_acc_te": 82.35294117647058, "worst3_grp_acc_te": 92.72875816993464, "minor_grp_acc_te": 89.09313725490196, "major_grp_acc_te": 100.0, "relative_grp_acc_te": 0.8909313725490197, "_runtime": 11, "_timestamp": 1724245827, "_step": 9, "best_mean_group_acc_va": 0.8409090909090909, "best_mean_group_acc_te": 0.9454656862745099, "best_acc_va": 0.8703703703703703, "best_acc_te": 0.9512195121951219, "best_worst_acc_va": 0.45454545454545453, "best_worst_acc_te": 0.8235294117647058, "best_worst3_acc_va": 0.7878787878787877, "best_worst3_acc_te": 0.9272875816993463, "_wandb": {"runtime": 12}}