{"lr": 0.0026466572228928, "mean_grp_acc_tr": 100.0, "worst_grp_acc_tr": 100.0, "minor_grp_acc_tr": 100.0, "major_grp_acc_tr": 100.0, "relative_grp_acc_tr": 1.0, "mean_grp_acc_va": 50.00000000000001, "worst_grp_acc_va": 8.333333333333332, "minor_grp_acc_va": 33.333333333333336, "major_grp_acc_va": 66.66666666666667, "relative_grp_acc_va": 0.5, "mean_grp_acc_te": 50.0, "worst_grp_acc_te": 22.22222222222222, "minor_grp_acc_te": 45.83333333333333, "major_grp_acc_te": 54.16666666666666, "relative_grp_acc_te": 0.8461538461538463, "_runtime": 29, "_timestamp": 1714743284, "_step": 4, "best_mean_group_acc_va": 0.5, "best_mean_group_acc_te": 0.5, "best_acc_va": 0.5, "best_acc_te": 0.5, "_wandb": {"runtime": 29}}