{"lr": 0.0008379642915115781, "mean_grp_acc_tr": 95.83333333333333, "worst_grp_acc_tr": 66.66666666666666, "worst3_grp_acc_tr": 77.77777777777777, "worst5_grp_acc_tr": 86.66666666666666, "minor_grp_acc_tr": 94.44444444444444, "major_grp_acc_tr": 100.0, "relative_grp_acc_tr": 0.9444444444444444, "mean_grp_acc_va": 35.15625, "worst_grp_acc_va": 8.333333333333332, "worst3_grp_acc_va": 9.722222222222221, "worst5_grp_acc_va": 11.666666666666666, "minor_grp_acc_va": 35.763888888888886, "major_grp_acc_va": 33.33333333333333, "relative_grp_acc_va": 1.0729166666666667, "mean_grp_acc_te": 34.72222222222223, "worst_grp_acc_te": 5.555555555555555, "worst3_grp_acc_te": 9.25925925925926, "worst5_grp_acc_te": 12.222222222222223, "minor_grp_acc_te": 33.7962962962963, "major_grp_acc_te": 37.5, "relative_grp_acc_te": 0.9012345679012346, "_runtime": 8, "_timestamp": 1720714888, "_step": 4, "best_mean_group_acc_va": 0.3515625, "best_mean_group_acc_te": 0.3472222222222222, "best_acc_va": 0.3515625, "best_acc_te": 0.3472222222222222, "best_worst_acc_va": 0.08333333333333333, "best_worst_acc_te": 0.05555555555555555, "best_worst3_acc_va": 0.09722222222222221, "best_worst3_acc_te": 0.0925925925925926, "best_worst5_grp_acc_va": 0.11666666666666665, "best_worst5_grp_acc_te": 0.12222222222222223, "_wandb": {"runtime": 10}}