{"lr": 0.0022825343088702303, "mean_grp_acc_tr": 100.0, "worst_grp_acc_tr": 100.0, "worst3_grp_acc_tr": 100.0, "worst5_grp_acc_tr": 100.0, "minor_grp_acc_tr": 100.0, "major_grp_acc_tr": 100.0, "relative_grp_acc_tr": 1.0, "mean_grp_acc_va": 39.0625, "worst_grp_acc_va": 12.5, "worst3_grp_acc_va": 18.055555555555557, "worst5_grp_acc_va": 20.833333333333336, "minor_grp_acc_va": 39.236111111111114, "major_grp_acc_va": 38.54166666666667, "relative_grp_acc_va": 1.018018018018018, "mean_grp_acc_te": 38.541666666666664, "worst_grp_acc_te": 16.666666666666664, "worst3_grp_acc_te": 19.444444444444446, "worst5_grp_acc_te": 21.666666666666668, "minor_grp_acc_te": 39.35185185185185, "major_grp_acc_te": 36.111111111111114, "relative_grp_acc_te": 1.0897435897435894, "_runtime": 7, "_timestamp": 1720714870, "_step": 4, "best_mean_group_acc_va": 0.390625, "best_mean_group_acc_te": 0.38541666666666663, "best_acc_va": 0.390625, "best_acc_te": 0.3854166666666667, "best_worst_acc_va": 0.125, "best_worst_acc_te": 0.16666666666666666, "best_worst3_acc_va": 0.18055555555555558, "best_worst3_acc_te": 0.19444444444444442, "best_worst5_grp_acc_va": 0.20833333333333334, "best_worst5_grp_acc_te": 0.21666666666666665, "_wandb": {"runtime": 9}}