{"lr": 0.0005698454636535357, "mean_grp_acc_tr": 100.0, "worst_grp_acc_tr": 100.0, "worst3_grp_acc_tr": 100.0, "worst5_grp_acc_tr": 100.0, "minor_grp_acc_tr": 100.0, "major_grp_acc_tr": 100.0, "relative_grp_acc_tr": 1.0, "mean_grp_acc_va": 71.79214015151516, "worst_grp_acc_va": 6.25, "worst3_grp_acc_va": 16.47727272727273, "worst5_grp_acc_va": 31.363636363636363, "minor_grp_acc_va": 64.01515151515152, "major_grp_acc_va": 95.12310606060606, "relative_grp_acc_va": 0.6729716276754604, "mean_grp_acc_te": 66.91052265500795, "worst_grp_acc_te": 5.88235294117647, "worst3_grp_acc_te": 10.294117647058822, "worst5_grp_acc_te": 15.539215686274511, "minor_grp_acc_te": 57.759781840664196, "major_grp_acc_te": 94.36274509803923, "relative_grp_acc_te": 0.6121036621036621, "_runtime": 29, "_timestamp": 1724254114, "_step": 16, "best_mean_group_acc_va": 0.7179214015151516, "best_mean_group_acc_te": 0.6691052265500795, "best_acc_va": 0.7379032258064516, "best_acc_te": 0.7105263157894737, "best_worst_acc_va": 0.18181818181818182, "best_worst_acc_te": 0.0, "best_worst3_acc_va": 0.268939393939394, "best_worst3_acc_te": 0.09477124183006536, "best_worst5_grp_acc_va": 0.3795454545454545, "best_worst5_grp_acc_te": 0.19901960784313727, "_wandb": {"runtime": 30}}